First Name,Last Name,Email,Company,Job Title,Postal Address,Phone,Mobile/2nd phone,WebsiteBen,Curnow,secretarycra@gmail.com,Carlton Residents Association,Membership Secretary,"PO Box 1140, Carlton VIC 3053",,,http://www.carltonresidents.org.au/Gerry,Noonan,info@geotech.net.au,The Parkville Association,President,,,,http://parkvilleassociation.org.au/Ken,Boundy,ken@boundys.com,Corinna,Director,"PO Box 21 Waratah, TAS 7321",03 6446 1170,,www.corinna.com.auKeysha,Milenkovic,raingardens@melbournewater.com.au,"Rain Gardens, Melbourne Water",,PO Box 4342 Melbourne VIC 2001,131 722,,www.melbournewater.com.auRobyn ,Reynolds,9robyn@gmail.com,Kinesiology & Maths teacher,,"72 Edward St, Brunswick VIC 3056",,0439 353 419,SF (Joe) ,Bagnara,srgi2000@gmail.com,Southbank Residents Group,President,"PO Box 19179, Southbank VIC 3006",03 9682 5475,0434 632 661,http://www.srgi3006.org.au/Ying,Lee,ying.lee@ntdtv.com,NTDTV Australia,Producer,"PO Box K58 Haymarket, NSW 1240",02 8033 6663,0425 282 502,www.ntdtv.comYolande ,Leonardi,yolande@bigpond.net.au,Residents 3000,2010/2011 President,,,,http://residents3000.wordpress.comYouna ,Angevin-Castro,info@ethicalliving.com.au,EthicalLiving.com.au,Editor,"PO Box 2006, Belgrave VIC 3160",,,www.ethicalliving.com.au